{"cameraMode":{"drawMode":0,"name":"Shaded","section":"Shading Mode"},"sceneLighting":true,"audioPlay":false,"sceneViewState":{"m_AlwaysRefresh":false,"showFog":true,"showSkybox":true,"showFlares":true,"showImageEffects":true,"showParticleSystems":true,"showVisualEffectGraphs":true,"m_FxEnabled":true},"in2DMode":false,"pivot":{"x":19.959142684936525,"y":3.785221576690674,"z":0.00000476837158203125},"rotation":{"x":-0.015411232598125935,"y":0.8251966238021851,"z":-0.022541526705026628,"w":-0.5641831755638123},"size":5.828084468841553,"orthographic":true}